"List","Title","Description","Labels","Effort","Dependencies","Checklist"
"BLOCKERS (do first)","Build the production bundle outside the restricted sandbox","All existing tests pass when run directly (29 tests across five files). The npm test runner and Vite build still hit child-process `spawn EPERM` in this sandbox; run the production build in the team environment. Files: package.json, vite.config.js.","High; Bug; All; Polish","S","","Run npm test | Run npm run build | Save command output and resolve source failures | Acceptance: tests pass and clean dist build finishes"
"BLOCKERS (do first)","Play one complete production run on the target browser","No end-to-end browser proof exists. Verify the actual built game in Chrome on Ubuntu before beta. Files: dist/index.html, src/main.js, src/core/level-manager.js.","Blocker; Deploy; All; Gameplay & Experience","M","Build the production bundle outside the restricted sandbox","Serve build over HTTP | Complete L1 to L2 to L3 without dev shortcuts | Restart and repeat transitions | Acceptance: no blocker, softlock, console error, or asset 404"
"Level 1","Verify station stealth and boarding fail/retry path","Guards, cameras, lasers and suspicion exist, but behavior has not been playtested in this review. Decide whether a departure timer is part of the shipped design. Files: src/levels/boarding.js, src/systems/stealth.js.","High; Bug; L1; Gameplay & Experience","M","Play one complete production run on the target browser","Test cover against each detector | Trigger suspicion and recover at checkpoint | Disable/bypass each laser | Test boarding interaction | Acceptance: clear objective and recoverable failure on repeated attempts"
"Level 2","Make level hints use the active key bindings","Some L2/L3 prompts hard-code default ability and run keys while settings permit rebinding. Files: src/levels/moving-heist.js, src/levels/timewreck.js, src/core/settings.js.","Medium; Feature; All; Control & Playability","S","","Expose binding label helper to level hint text | Replace hard-coded keys in both levels | Rebind all abilities and sprint | Acceptance: every displayed key matches the active settings"
"Level 2","Validate time puzzle rules and the Time Ghost route","The levels register Ghost pads and hazards, but first-time solution clarity and collision correspondence are unverified. Files: src/levels/moving-heist.js, src/systems/time-system.js, src/entities/time-ghost.js.","High; Polish; L2; Gameplay & Experience","M","Build the production bundle outside the restricted sandbox","Solve every L2 puzzle without hints | Try abilities not intended by the route | Confirm visible hazard state matches failure collision | Make Ghost useful and explain recording/replay | Acceptance: intended and reasonable alternate routes behave consistently"
"Level 3","Stage a short global-freeze and train-stop finale","Current wave and brake beat do not clearly stop the world/train on the destroyed bridge as the concept describes. Files: src/levels/timewreck.js, src/environment/timewreck-exterior.js.","High; Feature; L3; Innovation","L","Play one complete production run on the target browser","Show destroyed track/bridge | Freeze train, debris and environmental motion for a readable window | Let player reach/pull brake | Visibly decelerate and resolve on bridge | Add camera/input ownership and skip path | Acceptance: a first-time viewer understands the freeze and that the train stopped"
"Level 3","Retest Timewreck supports, checkpoints and repeated deaths","Dynamic support boxes and restore callbacks exist but have not been validated in play. Files: src/levels/timewreck.js, src/entities/player.js, src/systems/respawn.js.","High; Bug; L3; Control & Playability","M","Play one complete production run on the target browser","Test frozen slab landings and falling | Die at each checkpoint repeatedly | Test final wave while freezing and after depletion | Acceptance: each reset returns to reachable safe geometry with correct ability state"
"Cross-level / Core systems","Smoke-test temporal resets and respawn cancellation","September defects appear fixed in source; regression proof remains needed after restart, unload and New Game. Files: src/core/level-manager.js, src/systems/time-system.js, src/systems/respawn.js.","High; Bug; All; Control & Playability","S","Build the production bundle outside the restricted sandbox","Start ghost and spend energy then restart | Fail then restart/quit before timer expires | Progress to L3 depletion then replay | Respawn after time-affected machinery moves | Acceptance: no stale ghost, cooldown, callback or controls leak; checkpoint restores the captured time-object state"
"Cross-level / Core systems","Choose and communicate the time-control scope","Concept suggests selected-object time control; implementation applies a mode to registered objects. Make one explicit scope choice before puzzle tuning. Files: src/systems/time-system.js, src/ui/hud.js.","High; Feature; All; Gameplay & Experience","S","","Team selects global registered set or selected/radius targets | Document ability eligibility per level | Ensure HUD explains affected objects | Acceptance: tester can predict what each activation changes"
"Shaders & Visual Effects","Demonstrate gameplay-driven Chrono and laser shader effects","Custom vertex and fragment shaders exist; tie the demo to a visible gameplay state and check both compile in browser. Files: src/shaders/chrono-field.js, src/shaders/security-laser.js, src/systems/time-system.js.","Medium; Polish; All; Shaders","S","Play one complete production run on the target browser","Trigger slow/freeze/rewind and show distinct visible affected state | Trigger laser/alarm state | Confirm no shader compile warnings | Prepare brief uniform/attribute/varying explanation | Acceptance: shader state visibly follows gameplay and team can explain it"
"Audio","Verify master volume, mute and level sound feedback","Master volume/mute settings and sampled tracks/ability SFX exist; confirm all buses use them and the two music systems do not overlap. Files: src/core/audio.js, src/core/settings.js, src/systems/level-music.js, src/systems/music-system.js.","Medium; Bug; All; Gameplay & Experience","S","Play one complete production run on the target browser","Test muted first launch and saved mute | Change volume during menu and gameplay | Listen for ability and transition feedback | Check level transitions/pause for overlapping loops | Acceptance: one predictable mix and all sounds obey mute/master volume"
"UI / Menus / Polish","Replace team-credit placeholder and verify all attributions","Credits still contain a literal team placeholder; external sources and licences need team verification. Files: src/ui/credits.js, package.json, src/assets.","Blocker; Feature; All; Polish","S","Needs Decision: confirm team names and contribution roles","Add accurate names/roles | Inventory third-party code, models, animations, audio and libraries | Check source and licence for each item | Remove unused cannon-es claim or explain actual usage | Acceptance: no placeholders and every borrowed item has source/licence where applicable"
"UI / Menus / Polish","Make loading progress reset and report real work","Manager shows an overlay around synchronous procedural building, but asset progress may be stale or incomplete. Files: src/ui/loading-screen.js, src/core/level-manager.js, src/core/assets.js.","Medium; Polish; All; Polish","S","Build the production bundle outside the restricted sandbox","Reset bar/message on each show | Use stage messages for unmeasured procedural/audio tasks | Show recoverable load errors | Acceptance: each transition never displays stale completion progress or hangs silently"
"Performance & Memory","Verify indexed tree geometry renders correctly","The previous tree-index bug was repaired by the merge helper; visually verify the resulting instanced tree silhouettes and indexed plus non-indexed inputs. Files: src/environment/outdoor-environment.js:194,211,565-603.","High; Bug; All; 3D Effects","S","","Inspect pine and deciduous output | Exercise indexed and non-indexed inputs | Acceptance: tree topology renders correctly and merge output preserves the input triangle connectivity"
"Performance & Memory","Measure memory, frame time and decoded audio across a full run","No browser measurements exist; rewind allocates temporary arrays and decoded MP3 cache persists. Files: src/systems/time-system.js, src/systems/level-music.js, src/core/renderer.js.","Medium; Perf; All; Polish","M","Play one complete production run on the target browser","Record FPS/frame time and renderer memory per level | Repeat run twice | Estimate decoded audio buffer memory | Inspect rewind allocations under use | Acceptance: no unexplained monotonic resource growth; tune only measured hot spots"
"Deployment & Credits","Publish and verify the relative-path production archive","Vite has relative base configured, but build and Linux subdirectory hosting are unverified. Files: vite.config.js, index.html, dist/.","Blocker; Deploy; All; Polish","M","Build the production bundle outside the restricted sandbox","Build and archive dist with index.html at root | Check case-sensitive asset paths | Deploy to a subdirectory | Open in Chrome/Ubuntu and check console/network | Acceptance: full game runs from hosted URL with no 404 or absolute-root dependency"
"Trailer & Devlog","Record and publish the beta trailer","The beta brief requires a trailer up to two minutes; no video/link is present in this checkout. Capture after core run works.","Blocker; Feature; All; Game Trailer","M","Play one complete production run on the target browser","Capture boarding, time puzzle, roof, vault, collapse and finale | Edit clear paced sequence with sound | Keep below two minutes | Upload and record link | Acceptance: public/unlisted link plays and showcases actual game"
"Stretch / Innovation","Add one optional replay-value feature after blockers","Only proceed if beta candidate is stable; a best-time/clean-heist record or optional route has lower scope than new environments.","Low; Feature; All; Innovation","M","Publish and verify the relative-path production archive","Pick one small optional reward with team | Implement local feedback/UI | Retest full run and performance | Acceptance: adds a distinct replay reason without delaying submission"
"Needs Decision","Confirm beta date and exact Moodle submission requirements","15 October is calculated from the stated two-week target; brief says Moodle dates/archive rules take precedence.","High; Feature; All; Deploy","S","","Check Moodle deadline and timezone | Confirm required archive naming/contents | Confirm trailer upload/link rules | Acceptance: team calendar and package checklist reflect official instructions"
"Needs Decision","Confirm team names, roles and asset provenance","Required to make credits truthful; repository cannot establish team identity or source/licence provenance.","High; Feature; All; Polish","S","","Agree exact names and roles | Verify each downloaded model/audio file source and licence | Confirm whether cannon-es is used | Acceptance: credits information is verified by team members"

